1.0,6040.444017,6045.564017,6765.762124,6770.882124,0.0
2.0,6045.564017,6050.684017,6765.762124,6770.882124,0.0
3.0,6050.684017,6055.8040169999995,6765.762124,6770.882124,0.0
4.0,6055.8040169999995,6060.924016999999,6765.762124,6770.882124,0.0
5.0,6060.924016999999,6066.044016999999,6765.762124,6770.882124,0.0
6.0,6066.044016999999,6071.164016999999,6765.762124,6770.882124,0.0
7.0,6071.164016999999,6076.284016999999,6765.762124,6770.882124,0.0
8.0,6076.284016999999,6081.404016999999,6765.762124,6770.882124,0.0
9.0,6081.404016999999,6086.524016999999,6765.762124,6770.882124,0.0
10.0,6086.524016999999,6091.644016999999,6765.762124,6770.882124,0.0
11.0,6091.644016999999,6096.764016999999,6765.762124,6770.882124,0.0
12.0,6096.764016999999,6101.8840169999985,6765.762124,6770.882124,0.0
13.0,6101.8840169999985,6107.004016999998,6765.762124,6770.882124,0.0
14.0,6107.004016999998,6112.124016999998,6765.762124,6770.882124,0.0
15.0,6112.124016999998,6117.244016999998,6765.762124,6770.882124,0.0
16.0,6117.244016999998,6122.364016999998,6765.762124,6770.882124,0.0
17.0,6122.364016999998,6127.484016999998,6765.762124,6770.882124,0.0
18.0,6127.484016999998,6132.604016999998,6765.762124,6770.882124,0.0
19.0,6132.604016999998,6137.724016999998,6765.762124,6770.882124,0.0
20.0,6137.724016999998,6142.844016999998,6765.762124,6770.882124,0.0
21.0,6040.444017,6045.564017,6770.882124,6776.002124,0.0
22.0,6045.564017,6050.684017,6770.882124,6776.002124,0.0
23.0,6050.684017,6055.8040169999995,6770.882124,6776.002124,0.0
24.0,6055.8040169999995,6060.924016999999,6770.882124,6776.002124,0.0
25.0,6060.924016999999,6066.044016999999,6770.882124,6776.002124,0.0
26.0,6066.044016999999,6071.164016999999,6770.882124,6776.002124,0.0
27.0,6071.164016999999,6076.284016999999,6770.882124,6776.002124,0.0
28.0,6076.284016999999,6081.404016999999,6770.882124,6776.002124,0.0
29.0,6081.404016999999,6086.524016999999,6770.882124,6776.002124,0.0
30.0,6086.524016999999,6091.644016999999,6770.882124,6776.002124,0.0
31.0,6091.644016999999,6096.764016999999,6770.882124,6776.002124,0.0
32.0,6096.764016999999,6101.8840169999985,6770.882124,6776.002124,0.0
33.0,6101.8840169999985,6107.004016999998,6770.882124,6776.002124,0.0
34.0,6107.004016999998,6112.124016999998,6770.882124,6776.002124,0.0
35.0,6112.124016999998,6117.244016999998,6770.882124,6776.002124,0.0
36.0,6117.244016999998,6122.364016999998,6770.882124,6776.002124,0.0
37.0,6122.364016999998,6127.484016999998,6770.882124,6776.002124,0.0
38.0,6127.484016999998,6132.604016999998,6770.882124,6776.002124,0.0
39.0,6132.604016999998,6137.724016999998,6770.882124,6776.002124,0.0
40.0,6137.724016999998,6142.844016999998,6770.882124,6776.002124,0.0
41.0,6040.444017,6045.564017,6776.002124,6781.1221239999995,0.0
42.0,6045.564017,6050.684017,6776.002124,6781.1221239999995,0.0
43.0,6050.684017,6055.8040169999995,6776.002124,6781.1221239999995,0.0
44.0,6055.8040169999995,6060.924016999999,6776.002124,6781.1221239999995,0.0
45.0,6060.924016999999,6066.044016999999,6776.002124,6781.1221239999995,0.0
46.0,6066.044016999999,6071.164016999999,6776.002124,6781.1221239999995,0.0
47.0,6071.164016999999,6076.284016999999,6776.002124,6781.1221239999995,0.0
48.0,6076.284016999999,6081.404016999999,6776.002124,6781.1221239999995,0.0
49.0,6081.404016999999,6086.524016999999,6776.002124,6781.1221239999995,0.0
50.0,6086.524016999999,6091.644016999999,6776.002124,6781.1221239999995,0.0
51.0,6091.644016999999,6096.764016999999,6776.002124,6781.1221239999995,0.0
52.0,6096.764016999999,6101.8840169999985,6776.002124,6781.1221239999995,0.0
53.0,6101.8840169999985,6107.004016999998,6776.002124,6781.1221239999995,0.0
54.0,6107.004016999998,6112.124016999998,6776.002124,6781.1221239999995,0.0
55.0,6112.124016999998,6117.244016999998,6776.002124,6781.1221239999995,0.0
56.0,6117.244016999998,6122.364016999998,6776.002124,6781.1221239999995,0.0
57.0,6122.364016999998,6127.484016999998,6776.002124,6781.1221239999995,0.0
58.0,6127.484016999998,6132.604016999998,6776.002124,6781.1221239999995,0.0
59.0,6132.604016999998,6137.724016999998,6776.002124,6781.1221239999995,0.0
60.0,6137.724016999998,6142.844016999998,6776.002124,6781.1221239999995,0.0
61.0,6040.444017,6045.564017,6781.1221239999995,6786.242123999999,0.0
62.0,6045.564017,6050.684017,6781.1221239999995,6786.242123999999,0.0
63.0,6050.684017,6055.8040169999995,6781.1221239999995,6786.242123999999,0.0
64.0,6055.8040169999995,6060.924016999999,6781.1221239999995,6786.242123999999,0.0
65.0,6060.924016999999,6066.044016999999,6781.1221239999995,6786.242123999999,0.0
66.0,6066.044016999999,6071.164016999999,6781.1221239999995,6786.242123999999,0.0
67.0,6071.164016999999,6076.284016999999,6781.1221239999995,6786.242123999999,0.0
68.0,6076.284016999999,6081.404016999999,6781.1221239999995,6786.242123999999,0.0
69.0,6081.404016999999,6086.524016999999,6781.1221239999995,6786.242123999999,0.0
70.0,6086.524016999999,6091.644016999999,6781.1221239999995,6786.242123999999,0.0
71.0,6091.644016999999,6096.764016999999,6781.1221239999995,6786.242123999999,0.0
72.0,6096.764016999999,6101.8840169999985,6781.1221239999995,6786.242123999999,0.0
73.0,6101.8840169999985,6107.004016999998,6781.1221239999995,6786.242123999999,0.0
74.0,6107.004016999998,6112.124016999998,6781.1221239999995,6786.242123999999,0.0
75.0,6112.124016999998,6117.244016999998,6781.1221239999995,6786.242123999999,0.0
76.0,6117.244016999998,6122.364016999998,6781.1221239999995,6786.242123999999,0.0
77.0,6122.364016999998,6127.484016999998,6781.1221239999995,6786.242123999999,0.0
78.0,6127.484016999998,6132.604016999998,6781.1221239999995,6786.242123999999,0.0
79.0,6132.604016999998,6137.724016999998,6781.1221239999995,6786.242123999999,0.0
80.0,6137.724016999998,6142.844016999998,6781.1221239999995,6786.242123999999,0.0
81.0,6040.444017,6045.564017,6786.242123999999,6791.362123999999,0.0
82.0,6045.564017,6050.684017,6786.242123999999,6791.362123999999,0.0
83.0,6050.684017,6055.8040169999995,6786.242123999999,6791.362123999999,0.0
84.0,6055.8040169999995,6060.924016999999,6786.242123999999,6791.362123999999,0.0
85.0,6060.924016999999,6066.044016999999,6786.242123999999,6791.362123999999,0.0
86.0,6066.044016999999,6071.164016999999,6786.242123999999,6791.362123999999,0.0
87.0,6071.164016999999,6076.284016999999,6786.242123999999,6791.362123999999,0.0
88.0,6076.284016999999,6081.404016999999,6786.242123999999,6791.362123999999,0.0
89.0,6081.404016999999,6086.524016999999,6786.242123999999,6791.362123999999,0.0
90.0,6086.524016999999,6091.644016999999,6786.242123999999,6791.362123999999,0.0
91.0,6091.644016999999,6096.764016999999,6786.242123999999,6791.362123999999,0.0
92.0,6096.764016999999,6101.8840169999985,6786.242123999999,6791.362123999999,0.0
93.0,6101.8840169999985,6107.004016999998,6786.242123999999,6791.362123999999,0.0
94.0,6107.004016999998,6112.124016999998,6786.242123999999,6791.362123999999,0.0
95.0,6112.124016999998,6117.244016999998,6786.242123999999,6791.362123999999,0.0
96.0,6117.244016999998,6122.364016999998,6786.242123999999,6791.362123999999,0.0
97.0,6122.364016999998,6127.484016999998,6786.242123999999,6791.362123999999,0.0
98.0,6127.484016999998,6132.604016999998,6786.242123999999,6791.362123999999,0.0
99.0,6132.604016999998,6137.724016999998,6786.242123999999,6791.362123999999,0.0
100.0,6137.724016999998,6142.844016999998,6786.242123999999,6791.362123999999,0.0
101.0,6040.444017,6045.564017,6791.362123999999,6796.482123999999,0.0
102.0,6045.564017,6050.684017,6791.362123999999,6796.482123999999,0.0
103.0,6050.684017,6055.8040169999995,6791.362123999999,6796.482123999999,0.0
104.0,6055.8040169999995,6060.924016999999,6791.362123999999,6796.482123999999,0.0
105.0,6060.924016999999,6066.044016999999,6791.362123999999,6796.482123999999,0.0
106.0,6066.044016999999,6071.164016999999,6791.362123999999,6796.482123999999,0.0
107.0,6071.164016999999,6076.284016999999,6791.362123999999,6796.482123999999,0.0
108.0,6076.284016999999,6081.404016999999,6791.362123999999,6796.482123999999,0.0
109.0,6081.404016999999,6086.524016999999,6791.362123999999,6796.482123999999,0.0
110.0,6086.524016999999,6091.644016999999,6791.362123999999,6796.482123999999,0.0
111.0,6091.644016999999,6096.764016999999,6791.362123999999,6796.482123999999,0.0
112.0,6096.764016999999,6101.8840169999985,6791.362123999999,6796.482123999999,0.0
113.0,6101.8840169999985,6107.004016999998,6791.362123999999,6796.482123999999,0.0
114.0,6107.004016999998,6112.124016999998,6791.362123999999,6796.482123999999,0.0
115.0,6112.124016999998,6117.244016999998,6791.362123999999,6796.482123999999,0.0
116.0,6117.244016999998,6122.364016999998,6791.362123999999,6796.482123999999,0.0
117.0,6122.364016999998,6127.484016999998,6791.362123999999,6796.482123999999,0.0
118.0,6127.484016999998,6132.604016999998,6791.362123999999,6796.482123999999,0.0
119.0,6132.604016999998,6137.724016999998,6791.362123999999,6796.482123999999,0.0
120.0,6137.724016999998,6142.844016999998,6791.362123999999,6796.482123999999,0.0
121.0,6040.444017,6045.564017,6796.482123999999,6801.602123999999,0.0
122.0,6045.564017,6050.684017,6796.482123999999,6801.602123999999,0.0
123.0,6050.684017,6055.8040169999995,6796.482123999999,6801.602123999999,0.0
124.0,6055.8040169999995,6060.924016999999,6796.482123999999,6801.602123999999,0.0
125.0,6060.924016999999,6066.044016999999,6796.482123999999,6801.602123999999,0.0
126.0,6066.044016999999,6071.164016999999,6796.482123999999,6801.602123999999,0.0
127.0,6071.164016999999,6076.284016999999,6796.482123999999,6801.602123999999,0.0
128.0,6076.284016999999,6081.404016999999,6796.482123999999,6801.602123999999,0.0
129.0,6081.404016999999,6086.524016999999,6796.482123999999,6801.602123999999,0.0
130.0,6086.524016999999,6091.644016999999,6796.482123999999,6801.602123999999,0.0
131.0,6091.644016999999,6096.764016999999,6796.482123999999,6801.602123999999,0.0
132.0,6096.764016999999,6101.8840169999985,6796.482123999999,6801.602123999999,0.0
133.0,6101.8840169999985,6107.004016999998,6796.482123999999,6801.602123999999,0.0
134.0,6107.004016999998,6112.124016999998,6796.482123999999,6801.602123999999,0.0
135.0,6112.124016999998,6117.244016999998,6796.482123999999,6801.602123999999,0.0
136.0,6117.244016999998,6122.364016999998,6796.482123999999,6801.602123999999,0.0
137.0,6122.364016999998,6127.484016999998,6796.482123999999,6801.602123999999,0.0
138.0,6127.484016999998,6132.604016999998,6796.482123999999,6801.602123999999,0.0
139.0,6132.604016999998,6137.724016999998,6796.482123999999,6801.602123999999,0.0
140.0,6137.724016999998,6142.844016999998,6796.482123999999,6801.602123999999,0.0
141.0,6040.444017,6045.564017,6801.602123999999,6806.722123999999,0.0
142.0,6045.564017,6050.684017,6801.602123999999,6806.722123999999,0.0
143.0,6050.684017,6055.8040169999995,6801.602123999999,6806.722123999999,0.0
144.0,6055.8040169999995,6060.924016999999,6801.602123999999,6806.722123999999,0.0
145.0,6060.924016999999,6066.044016999999,6801.602123999999,6806.722123999999,0.0
146.0,6066.044016999999,6071.164016999999,6801.602123999999,6806.722123999999,0.0
147.0,6071.164016999999,6076.284016999999,6801.602123999999,6806.722123999999,0.0
148.0,6076.284016999999,6081.404016999999,6801.602123999999,6806.722123999999,0.0
149.0,6081.404016999999,6086.524016999999,6801.602123999999,6806.722123999999,0.0
150.0,6086.524016999999,6091.644016999999,6801.602123999999,6806.722123999999,0.0
151.0,6091.644016999999,6096.764016999999,6801.602123999999,6806.722123999999,0.0
152.0,6096.764016999999,6101.8840169999985,6801.602123999999,6806.722123999999,0.0
153.0,6101.8840169999985,6107.004016999998,6801.602123999999,6806.722123999999,0.0
154.0,6107.004016999998,6112.124016999998,6801.602123999999,6806.722123999999,0.0
155.0,6112.124016999998,6117.244016999998,6801.602123999999,6806.722123999999,0.0
156.0,6117.244016999998,6122.364016999998,6801.602123999999,6806.722123999999,0.0
157.0,6122.364016999998,6127.484016999998,6801.602123999999,6806.722123999999,0.0
158.0,6127.484016999998,6132.604016999998,6801.602123999999,6806.722123999999,0.0
159.0,6132.604016999998,6137.724016999998,6801.602123999999,6806.722123999999,0.0
160.0,6137.724016999998,6142.844016999998,6801.602123999999,6806.722123999999,0.0
161.0,6040.444017,6045.564017,6806.722123999999,6811.842123999999,0.0
162.0,6045.564017,6050.684017,6806.722123999999,6811.842123999999,0.0
163.0,6050.684017,6055.8040169999995,6806.722123999999,6811.842123999999,0.0
164.0,6055.8040169999995,6060.924016999999,6806.722123999999,6811.842123999999,0.0
165.0,6060.924016999999,6066.044016999999,6806.722123999999,6811.842123999999,0.0
166.0,6066.044016999999,6071.164016999999,6806.722123999999,6811.842123999999,0.0
167.0,6071.164016999999,6076.284016999999,6806.722123999999,6811.842123999999,0.0
168.0,6076.284016999999,6081.404016999999,6806.722123999999,6811.842123999999,0.0
169.0,6081.404016999999,6086.524016999999,6806.722123999999,6811.842123999999,0.0
170.0,6086.524016999999,6091.644016999999,6806.722123999999,6811.842123999999,0.0
171.0,6091.644016999999,6096.764016999999,6806.722123999999,6811.842123999999,0.0
172.0,6096.764016999999,6101.8840169999985,6806.722123999999,6811.842123999999,0.0
173.0,6101.8840169999985,6107.004016999998,6806.722123999999,6811.842123999999,0.0
174.0,6107.004016999998,6112.124016999998,6806.722123999999,6811.842123999999,0.0
175.0,6112.124016999998,6117.244016999998,6806.722123999999,6811.842123999999,0.0
176.0,6117.244016999998,6122.364016999998,6806.722123999999,6811.842123999999,0.0
177.0,6122.364016999998,6127.484016999998,6806.722123999999,6811.842123999999,0.0
178.0,6127.484016999998,6132.604016999998,6806.722123999999,6811.842123999999,0.0
179.0,6132.604016999998,6137.724016999998,6806.722123999999,6811.842123999999,0.0
180.0,6137.724016999998,6142.844016999998,6806.722123999999,6811.842123999999,0.0
181.0,6040.444017,6045.564017,6811.842123999999,6816.962123999999,0.0
182.0,6045.564017,6050.684017,6811.842123999999,6816.962123999999,0.0
183.0,6050.684017,6055.8040169999995,6811.842123999999,6816.962123999999,0.0
184.0,6055.8040169999995,6060.924016999999,6811.842123999999,6816.962123999999,0.0
185.0,6060.924016999999,6066.044016999999,6811.842123999999,6816.962123999999,0.0
186.0,6066.044016999999,6071.164016999999,6811.842123999999,6816.962123999999,0.0
187.0,6071.164016999999,6076.284016999999,6811.842123999999,6816.962123999999,0.0
188.0,6076.284016999999,6081.404016999999,6811.842123999999,6816.962123999999,0.0
189.0,6081.404016999999,6086.524016999999,6811.842123999999,6816.962123999999,0.0
190.0,6086.524016999999,6091.644016999999,6811.842123999999,6816.962123999999,0.0
191.0,6091.644016999999,6096.764016999999,6811.842123999999,6816.962123999999,0.0
192.0,6096.764016999999,6101.8840169999985,6811.842123999999,6816.962123999999,0.0
193.0,6101.8840169999985,6107.004016999998,6811.842123999999,6816.962123999999,0.0
194.0,6107.004016999998,6112.124016999998,6811.842123999999,6816.962123999999,0.0
195.0,6112.124016999998,6117.244016999998,6811.842123999999,6816.962123999999,0.0
196.0,6117.244016999998,6122.364016999998,6811.842123999999,6816.962123999999,0.0
197.0,6122.364016999998,6127.484016999998,6811.842123999999,6816.962123999999,0.0
198.0,6127.484016999998,6132.604016999998,6811.842123999999,6816.962123999999,0.0
199.0,6132.604016999998,6137.724016999998,6811.842123999999,6816.962123999999,0.0
200.0,6137.724016999998,6142.844016999998,6811.842123999999,6816.962123999999,0.0
201.0,6040.444017,6045.564017,6816.962123999999,6822.082123999999,0.0
202.0,6045.564017,6050.684017,6816.962123999999,6822.082123999999,0.0
203.0,6050.684017,6055.8040169999995,6816.962123999999,6822.082123999999,0.0
204.0,6055.8040169999995,6060.924016999999,6816.962123999999,6822.082123999999,0.0
205.0,6060.924016999999,6066.044016999999,6816.962123999999,6822.082123999999,0.0
206.0,6066.044016999999,6071.164016999999,6816.962123999999,6822.082123999999,0.0
207.0,6071.164016999999,6076.284016999999,6816.962123999999,6822.082123999999,0.0
208.0,6076.284016999999,6081.404016999999,6816.962123999999,6822.082123999999,0.0
209.0,6081.404016999999,6086.524016999999,6816.962123999999,6822.082123999999,0.0
210.0,6086.524016999999,6091.644016999999,6816.962123999999,6822.082123999999,0.0
211.0,6091.644016999999,6096.764016999999,6816.962123999999,6822.082123999999,0.0
212.0,6096.764016999999,6101.8840169999985,6816.962123999999,6822.082123999999,0.0
213.0,6101.8840169999985,6107.004016999998,6816.962123999999,6822.082123999999,0.0
214.0,6107.004016999998,6112.124016999998,6816.962123999999,6822.082123999999,0.0
215.0,6112.124016999998,6117.244016999998,6816.962123999999,6822.082123999999,0.0
216.0,6117.244016999998,6122.364016999998,6816.962123999999,6822.082123999999,0.0
217.0,6122.364016999998,6127.484016999998,6816.962123999999,6822.082123999999,0.0
218.0,6127.484016999998,6132.604016999998,6816.962123999999,6822.082123999999,0.0
219.0,6132.604016999998,6137.724016999998,6816.962123999999,6822.082123999999,0.0
220.0,6137.724016999998,6142.844016999998,6816.962123999999,6822.082123999999,0.0
221.0,6040.444017,6045.564017,6822.082123999999,6827.202123999999,0.0
222.0,6045.564017,6050.684017,6822.082123999999,6827.202123999999,0.0
223.0,6050.684017,6055.8040169999995,6822.082123999999,6827.202123999999,0.0
224.0,6055.8040169999995,6060.924016999999,6822.082123999999,6827.202123999999,0.0
225.0,6060.924016999999,6066.044016999999,6822.082123999999,6827.202123999999,0.0
226.0,6066.044016999999,6071.164016999999,6822.082123999999,6827.202123999999,0.0
227.0,6071.164016999999,6076.284016999999,6822.082123999999,6827.202123999999,0.0
228.0,6076.284016999999,6081.404016999999,6822.082123999999,6827.202123999999,0.0
229.0,6081.404016999999,6086.524016999999,6822.082123999999,6827.202123999999,0.0
230.0,6086.524016999999,6091.644016999999,6822.082123999999,6827.202123999999,0.0
231.0,6091.644016999999,6096.764016999999,6822.082123999999,6827.202123999999,0.0
232.0,6096.764016999999,6101.8840169999985,6822.082123999999,6827.202123999999,0.0
233.0,6101.8840169999985,6107.004016999998,6822.082123999999,6827.202123999999,0.0
234.0,6107.004016999998,6112.124016999998,6822.082123999999,6827.202123999999,0.0
235.0,6112.124016999998,6117.244016999998,6822.082123999999,6827.202123999999,0.0
236.0,6117.244016999998,6122.364016999998,6822.082123999999,6827.202123999999,0.0
237.0,6122.364016999998,6127.484016999998,6822.082123999999,6827.202123999999,0.0
238.0,6127.484016999998,6132.604016999998,6822.082123999999,6827.202123999999,0.0
239.0,6132.604016999998,6137.724016999998,6822.082123999999,6827.202123999999,0.0
240.0,6137.724016999998,6142.844016999998,6822.082123999999,6827.202123999999,0.0
241.0,6040.444017,6045.564017,6827.202123999999,6832.322123999998,0.0
242.0,6045.564017,6050.684017,6827.202123999999,6832.322123999998,0.0
243.0,6050.684017,6055.8040169999995,6827.202123999999,6832.322123999998,0.0
244.0,6055.8040169999995,6060.924016999999,6827.202123999999,6832.322123999998,0.0
245.0,6060.924016999999,6066.044016999999,6827.202123999999,6832.322123999998,0.0
246.0,6066.044016999999,6071.164016999999,6827.202123999999,6832.322123999998,0.0
247.0,6071.164016999999,6076.284016999999,6827.202123999999,6832.322123999998,0.0
248.0,6076.284016999999,6081.404016999999,6827.202123999999,6832.322123999998,0.0
249.0,6081.404016999999,6086.524016999999,6827.202123999999,6832.322123999998,0.0
250.0,6086.524016999999,6091.644016999999,6827.202123999999,6832.322123999998,0.0
251.0,6091.644016999999,6096.764016999999,6827.202123999999,6832.322123999998,0.0
252.0,6096.764016999999,6101.8840169999985,6827.202123999999,6832.322123999998,0.0
253.0,6101.8840169999985,6107.004016999998,6827.202123999999,6832.322123999998,0.0
254.0,6107.004016999998,6112.124016999998,6827.202123999999,6832.322123999998,0.0
255.0,6112.124016999998,6117.244016999998,6827.202123999999,6832.322123999998,0.0
256.0,6117.244016999998,6122.364016999998,6827.202123999999,6832.322123999998,0.0
257.0,6122.364016999998,6127.484016999998,6827.202123999999,6832.322123999998,0.0
258.0,6127.484016999998,6132.604016999998,6827.202123999999,6832.322123999998,0.0
259.0,6132.604016999998,6137.724016999998,6827.202123999999,6832.322123999998,0.0
260.0,6137.724016999998,6142.844016999998,6827.202123999999,6832.322123999998,0.0
261.0,6040.444017,6045.564017,6832.322123999998,6837.442123999998,0.0
262.0,6045.564017,6050.684017,6832.322123999998,6837.442123999998,0.0
263.0,6050.684017,6055.8040169999995,6832.322123999998,6837.442123999998,0.0
264.0,6055.8040169999995,6060.924016999999,6832.322123999998,6837.442123999998,0.0
265.0,6060.924016999999,6066.044016999999,6832.322123999998,6837.442123999998,0.0
266.0,6066.044016999999,6071.164016999999,6832.322123999998,6837.442123999998,0.0
267.0,6071.164016999999,6076.284016999999,6832.322123999998,6837.442123999998,0.0
268.0,6076.284016999999,6081.404016999999,6832.322123999998,6837.442123999998,0.0
269.0,6081.404016999999,6086.524016999999,6832.322123999998,6837.442123999998,0.0
270.0,6086.524016999999,6091.644016999999,6832.322123999998,6837.442123999998,0.0
271.0,6091.644016999999,6096.764016999999,6832.322123999998,6837.442123999998,0.0
272.0,6096.764016999999,6101.8840169999985,6832.322123999998,6837.442123999998,0.0
273.0,6101.8840169999985,6107.004016999998,6832.322123999998,6837.442123999998,0.0
274.0,6107.004016999998,6112.124016999998,6832.322123999998,6837.442123999998,0.0
275.0,6112.124016999998,6117.244016999998,6832.322123999998,6837.442123999998,0.0
276.0,6117.244016999998,6122.364016999998,6832.322123999998,6837.442123999998,0.0
277.0,6122.364016999998,6127.484016999998,6832.322123999998,6837.442123999998,0.0
278.0,6127.484016999998,6132.604016999998,6832.322123999998,6837.442123999998,0.0
279.0,6132.604016999998,6137.724016999998,6832.322123999998,6837.442123999998,0.0
280.0,6137.724016999998,6142.844016999998,6832.322123999998,6837.442123999998,0.0
281.0,6040.444017,6045.564017,6837.442123999998,6842.562123999998,0.0
282.0,6045.564017,6050.684017,6837.442123999998,6842.562123999998,0.0
283.0,6050.684017,6055.8040169999995,6837.442123999998,6842.562123999998,0.0
284.0,6055.8040169999995,6060.924016999999,6837.442123999998,6842.562123999998,0.0
285.0,6060.924016999999,6066.044016999999,6837.442123999998,6842.562123999998,0.0
286.0,6066.044016999999,6071.164016999999,6837.442123999998,6842.562123999998,0.0
287.0,6071.164016999999,6076.284016999999,6837.442123999998,6842.562123999998,0.0
288.0,6076.284016999999,6081.404016999999,6837.442123999998,6842.562123999998,0.0
289.0,6081.404016999999,6086.524016999999,6837.442123999998,6842.562123999998,0.0
290.0,6086.524016999999,6091.644016999999,6837.442123999998,6842.562123999998,0.0
291.0,6091.644016999999,6096.764016999999,6837.442123999998,6842.562123999998,0.0
292.0,6096.764016999999,6101.8840169999985,6837.442123999998,6842.562123999998,0.0
293.0,6101.8840169999985,6107.004016999998,6837.442123999998,6842.562123999998,0.0
294.0,6107.004016999998,6112.124016999998,6837.442123999998,6842.562123999998,0.0
295.0,6112.124016999998,6117.244016999998,6837.442123999998,6842.562123999998,0.0
296.0,6117.244016999998,6122.364016999998,6837.442123999998,6842.562123999998,0.0
297.0,6122.364016999998,6127.484016999998,6837.442123999998,6842.562123999998,0.0
298.0,6127.484016999998,6132.604016999998,6837.442123999998,6842.562123999998,0.0
299.0,6132.604016999998,6137.724016999998,6837.442123999998,6842.562123999998,0.0
300.0,6137.724016999998,6142.844016999998,6837.442123999998,6842.562123999998,0.0
301.0,6040.444017,6045.564017,6842.562123999998,6847.682123999998,0.0
302.0,6045.564017,6050.684017,6842.562123999998,6847.682123999998,0.0
303.0,6050.684017,6055.8040169999995,6842.562123999998,6847.682123999998,0.0
304.0,6055.8040169999995,6060.924016999999,6842.562123999998,6847.682123999998,0.0
305.0,6060.924016999999,6066.044016999999,6842.562123999998,6847.682123999998,0.0
306.0,6066.044016999999,6071.164016999999,6842.562123999998,6847.682123999998,0.0
307.0,6071.164016999999,6076.284016999999,6842.562123999998,6847.682123999998,0.0
308.0,6076.284016999999,6081.404016999999,6842.562123999998,6847.682123999998,0.0
309.0,6081.404016999999,6086.524016999999,6842.562123999998,6847.682123999998,0.0
310.0,6086.524016999999,6091.644016999999,6842.562123999998,6847.682123999998,0.0
311.0,6091.644016999999,6096.764016999999,6842.562123999998,6847.682123999998,0.0
312.0,6096.764016999999,6101.8840169999985,6842.562123999998,6847.682123999998,0.0
313.0,6101.8840169999985,6107.004016999998,6842.562123999998,6847.682123999998,0.0
314.0,6107.004016999998,6112.124016999998,6842.562123999998,6847.682123999998,0.0
315.0,6112.124016999998,6117.244016999998,6842.562123999998,6847.682123999998,0.0
316.0,6117.244016999998,6122.364016999998,6842.562123999998,6847.682123999998,0.0
317.0,6122.364016999998,6127.484016999998,6842.562123999998,6847.682123999998,0.0
318.0,6127.484016999998,6132.604016999998,6842.562123999998,6847.682123999998,0.0
319.0,6132.604016999998,6137.724016999998,6842.562123999998,6847.682123999998,0.0
320.0,6137.724016999998,6142.844016999998,6842.562123999998,6847.682123999998,0.0
321.0,6040.444017,6045.564017,6847.682123999998,6852.802123999998,0.0
322.0,6045.564017,6050.684017,6847.682123999998,6852.802123999998,0.0
323.0,6050.684017,6055.8040169999995,6847.682123999998,6852.802123999998,0.0
324.0,6055.8040169999995,6060.924016999999,6847.682123999998,6852.802123999998,0.0
325.0,6060.924016999999,6066.044016999999,6847.682123999998,6852.802123999998,0.0
326.0,6066.044016999999,6071.164016999999,6847.682123999998,6852.802123999998,0.0
327.0,6071.164016999999,6076.284016999999,6847.682123999998,6852.802123999998,0.0
328.0,6076.284016999999,6081.404016999999,6847.682123999998,6852.802123999998,0.0
329.0,6081.404016999999,6086.524016999999,6847.682123999998,6852.802123999998,0.0
330.0,6086.524016999999,6091.644016999999,6847.682123999998,6852.802123999998,0.0
331.0,6091.644016999999,6096.764016999999,6847.682123999998,6852.802123999998,0.0
332.0,6096.764016999999,6101.8840169999985,6847.682123999998,6852.802123999998,0.0
333.0,6101.8840169999985,6107.004016999998,6847.682123999998,6852.802123999998,0.0
334.0,6107.004016999998,6112.124016999998,6847.682123999998,6852.802123999998,0.0
335.0,6112.124016999998,6117.244016999998,6847.682123999998,6852.802123999998,0.0
336.0,6117.244016999998,6122.364016999998,6847.682123999998,6852.802123999998,0.0
337.0,6122.364016999998,6127.484016999998,6847.682123999998,6852.802123999998,0.0
338.0,6127.484016999998,6132.604016999998,6847.682123999998,6852.802123999998,0.0
339.0,6132.604016999998,6137.724016999998,6847.682123999998,6852.802123999998,0.0
340.0,6137.724016999998,6142.844016999998,6847.682123999998,6852.802123999998,0.0
341.0,6040.444017,6045.564017,6852.802123999998,6857.922123999998,0.0
342.0,6045.564017,6050.684017,6852.802123999998,6857.922123999998,0.0
343.0,6050.684017,6055.8040169999995,6852.802123999998,6857.922123999998,0.0
344.0,6055.8040169999995,6060.924016999999,6852.802123999998,6857.922123999998,0.0
345.0,6060.924016999999,6066.044016999999,6852.802123999998,6857.922123999998,0.0
346.0,6066.044016999999,6071.164016999999,6852.802123999998,6857.922123999998,0.0
347.0,6071.164016999999,6076.284016999999,6852.802123999998,6857.922123999998,0.0
348.0,6076.284016999999,6081.404016999999,6852.802123999998,6857.922123999998,0.0
349.0,6081.404016999999,6086.524016999999,6852.802123999998,6857.922123999998,0.0
350.0,6086.524016999999,6091.644016999999,6852.802123999998,6857.922123999998,0.0
351.0,6091.644016999999,6096.764016999999,6852.802123999998,6857.922123999998,0.0
352.0,6096.764016999999,6101.8840169999985,6852.802123999998,6857.922123999998,0.0
353.0,6101.8840169999985,6107.004016999998,6852.802123999998,6857.922123999998,0.0
354.0,6107.004016999998,6112.124016999998,6852.802123999998,6857.922123999998,0.0
355.0,6112.124016999998,6117.244016999998,6852.802123999998,6857.922123999998,0.0
356.0,6117.244016999998,6122.364016999998,6852.802123999998,6857.922123999998,0.0
357.0,6122.364016999998,6127.484016999998,6852.802123999998,6857.922123999998,0.0
358.0,6127.484016999998,6132.604016999998,6852.802123999998,6857.922123999998,0.0
359.0,6132.604016999998,6137.724016999998,6852.802123999998,6857.922123999998,0.0
360.0,6137.724016999998,6142.844016999998,6852.802123999998,6857.922123999998,0.0
361.0,6040.444017,6045.564017,6857.922123999998,6863.042123999998,0.0
362.0,6045.564017,6050.684017,6857.922123999998,6863.042123999998,0.0
363.0,6050.684017,6055.8040169999995,6857.922123999998,6863.042123999998,0.0
364.0,6055.8040169999995,6060.924016999999,6857.922123999998,6863.042123999998,0.0
365.0,6060.924016999999,6066.044016999999,6857.922123999998,6863.042123999998,0.0
366.0,6066.044016999999,6071.164016999999,6857.922123999998,6863.042123999998,0.0
367.0,6071.164016999999,6076.284016999999,6857.922123999998,6863.042123999998,0.0
368.0,6076.284016999999,6081.404016999999,6857.922123999998,6863.042123999998,0.0
369.0,6081.404016999999,6086.524016999999,6857.922123999998,6863.042123999998,0.0
370.0,6086.524016999999,6091.644016999999,6857.922123999998,6863.042123999998,0.0
371.0,6091.644016999999,6096.764016999999,6857.922123999998,6863.042123999998,0.0
372.0,6096.764016999999,6101.8840169999985,6857.922123999998,6863.042123999998,0.0
373.0,6101.8840169999985,6107.004016999998,6857.922123999998,6863.042123999998,0.0
374.0,6107.004016999998,6112.124016999998,6857.922123999998,6863.042123999998,0.0
375.0,6112.124016999998,6117.244016999998,6857.922123999998,6863.042123999998,0.0
376.0,6117.244016999998,6122.364016999998,6857.922123999998,6863.042123999998,0.0
377.0,6122.364016999998,6127.484016999998,6857.922123999998,6863.042123999998,0.0
378.0,6127.484016999998,6132.604016999998,6857.922123999998,6863.042123999998,0.0
379.0,6132.604016999998,6137.724016999998,6857.922123999998,6863.042123999998,0.0
380.0,6137.724016999998,6142.844016999998,6857.922123999998,6863.042123999998,0.0
381.0,6040.444017,6045.564017,6863.042123999998,6868.162123999998,0.0
382.0,6045.564017,6050.684017,6863.042123999998,6868.162123999998,0.0
383.0,6050.684017,6055.8040169999995,6863.042123999998,6868.162123999998,0.0
384.0,6055.8040169999995,6060.924016999999,6863.042123999998,6868.162123999998,0.0
385.0,6060.924016999999,6066.044016999999,6863.042123999998,6868.162123999998,0.0
386.0,6066.044016999999,6071.164016999999,6863.042123999998,6868.162123999998,0.0
387.0,6071.164016999999,6076.284016999999,6863.042123999998,6868.162123999998,0.0
388.0,6076.284016999999,6081.404016999999,6863.042123999998,6868.162123999998,0.0
389.0,6081.404016999999,6086.524016999999,6863.042123999998,6868.162123999998,0.0
390.0,6086.524016999999,6091.644016999999,6863.042123999998,6868.162123999998,0.0
391.0,6091.644016999999,6096.764016999999,6863.042123999998,6868.162123999998,0.0
392.0,6096.764016999999,6101.8840169999985,6863.042123999998,6868.162123999998,0.0
393.0,6101.8840169999985,6107.004016999998,6863.042123999998,6868.162123999998,0.0
394.0,6107.004016999998,6112.124016999998,6863.042123999998,6868.162123999998,0.0
395.0,6112.124016999998,6117.244016999998,6863.042123999998,6868.162123999998,0.0
396.0,6117.244016999998,6122.364016999998,6863.042123999998,6868.162123999998,0.0
397.0,6122.364016999998,6127.484016999998,6863.042123999998,6868.162123999998,0.0
398.0,6127.484016999998,6132.604016999998,6863.042123999998,6868.162123999998,0.0
399.0,6132.604016999998,6137.724016999998,6863.042123999998,6868.162123999998,0.0
400.0,6137.724016999998,6142.844016999998,6863.042123999998,6868.162123999998,0.0
401.0,6240.444017,6245.564017,6765.762124,6770.882124,1.0
402.0,6245.564017,6250.684017,6765.762124,6770.882124,1.0
403.0,6250.684017,6255.8040169999995,6765.762124,6770.882124,1.0
404.0,6255.8040169999995,6260.924016999999,6765.762124,6770.882124,1.0
405.0,6260.924016999999,6266.044016999999,6765.762124,6770.882124,1.0
406.0,6266.044016999999,6271.164016999999,6765.762124,6770.882124,1.0
407.0,6271.164016999999,6276.284016999999,6765.762124,6770.882124,1.0
408.0,6276.284016999999,6281.404016999999,6765.762124,6770.882124,1.0
409.0,6281.404016999999,6286.524016999999,6765.762124,6770.882124,1.0
410.0,6286.524016999999,6291.644016999999,6765.762124,6770.882124,1.0
411.0,6291.644016999999,6296.764016999999,6765.762124,6770.882124,1.0
412.0,6296.764016999999,6301.8840169999985,6765.762124,6770.882124,1.0
413.0,6301.8840169999985,6307.004016999998,6765.762124,6770.882124,1.0
414.0,6307.004016999998,6312.124016999998,6765.762124,6770.882124,1.0
415.0,6312.124016999998,6317.244016999998,6765.762124,6770.882124,1.0
416.0,6317.244016999998,6322.364016999998,6765.762124,6770.882124,1.0
417.0,6322.364016999998,6327.484016999998,6765.762124,6770.882124,1.0
418.0,6327.484016999998,6332.604016999998,6765.762124,6770.882124,1.0
419.0,6332.604016999998,6337.724016999998,6765.762124,6770.882124,1.0
420.0,6337.724016999998,6342.844016999998,6765.762124,6770.882124,1.0
421.0,6240.444017,6245.564017,6770.882124,6776.002124,1.0
422.0,6245.564017,6250.684017,6770.882124,6776.002124,1.0
423.0,6250.684017,6255.8040169999995,6770.882124,6776.002124,1.0
424.0,6255.8040169999995,6260.924016999999,6770.882124,6776.002124,1.0
425.0,6260.924016999999,6266.044016999999,6770.882124,6776.002124,1.0
426.0,6266.044016999999,6271.164016999999,6770.882124,6776.002124,1.0
427.0,6271.164016999999,6276.284016999999,6770.882124,6776.002124,1.0
428.0,6276.284016999999,6281.404016999999,6770.882124,6776.002124,1.0
429.0,6281.404016999999,6286.524016999999,6770.882124,6776.002124,1.0
430.0,6286.524016999999,6291.644016999999,6770.882124,6776.002124,1.0
431.0,6291.644016999999,6296.764016999999,6770.882124,6776.002124,1.0
432.0,6296.764016999999,6301.8840169999985,6770.882124,6776.002124,1.0
433.0,6301.8840169999985,6307.004016999998,6770.882124,6776.002124,1.0
434.0,6307.004016999998,6312.124016999998,6770.882124,6776.002124,1.0
435.0,6312.124016999998,6317.244016999998,6770.882124,6776.002124,1.0
436.0,6317.244016999998,6322.364016999998,6770.882124,6776.002124,1.0
437.0,6322.364016999998,6327.484016999998,6770.882124,6776.002124,1.0
438.0,6327.484016999998,6332.604016999998,6770.882124,6776.002124,1.0
439.0,6332.604016999998,6337.724016999998,6770.882124,6776.002124,1.0
440.0,6337.724016999998,6342.844016999998,6770.882124,6776.002124,1.0
441.0,6240.444017,6245.564017,6776.002124,6781.1221239999995,1.0
442.0,6245.564017,6250.684017,6776.002124,6781.1221239999995,1.0
443.0,6250.684017,6255.8040169999995,6776.002124,6781.1221239999995,1.0
444.0,6255.8040169999995,6260.924016999999,6776.002124,6781.1221239999995,1.0
445.0,6260.924016999999,6266.044016999999,6776.002124,6781.1221239999995,1.0
446.0,6266.044016999999,6271.164016999999,6776.002124,6781.1221239999995,1.0
447.0,6271.164016999999,6276.284016999999,6776.002124,6781.1221239999995,1.0
448.0,6276.284016999999,6281.404016999999,6776.002124,6781.1221239999995,1.0
449.0,6281.404016999999,6286.524016999999,6776.002124,6781.1221239999995,1.0
450.0,6286.524016999999,6291.644016999999,6776.002124,6781.1221239999995,1.0
451.0,6291.644016999999,6296.764016999999,6776.002124,6781.1221239999995,1.0
452.0,6296.764016999999,6301.8840169999985,6776.002124,6781.1221239999995,1.0
453.0,6301.8840169999985,6307.004016999998,6776.002124,6781.1221239999995,1.0
454.0,6307.004016999998,6312.124016999998,6776.002124,6781.1221239999995,1.0
455.0,6312.124016999998,6317.244016999998,6776.002124,6781.1221239999995,1.0
456.0,6317.244016999998,6322.364016999998,6776.002124,6781.1221239999995,1.0
457.0,6322.364016999998,6327.484016999998,6776.002124,6781.1221239999995,1.0
458.0,6327.484016999998,6332.604016999998,6776.002124,6781.1221239999995,1.0
459.0,6332.604016999998,6337.724016999998,6776.002124,6781.1221239999995,1.0
460.0,6337.724016999998,6342.844016999998,6776.002124,6781.1221239999995,1.0
461.0,6240.444017,6245.564017,6781.1221239999995,6786.242123999999,1.0
462.0,6245.564017,6250.684017,6781.1221239999995,6786.242123999999,1.0
463.0,6250.684017,6255.8040169999995,6781.1221239999995,6786.242123999999,1.0
464.0,6255.8040169999995,6260.924016999999,6781.1221239999995,6786.242123999999,1.0
465.0,6260.924016999999,6266.044016999999,6781.1221239999995,6786.242123999999,1.0
466.0,6266.044016999999,6271.164016999999,6781.1221239999995,6786.242123999999,1.0
467.0,6271.164016999999,6276.284016999999,6781.1221239999995,6786.242123999999,1.0
468.0,6276.284016999999,6281.404016999999,6781.1221239999995,6786.242123999999,1.0
469.0,6281.404016999999,6286.524016999999,6781.1221239999995,6786.242123999999,1.0
470.0,6286.524016999999,6291.644016999999,6781.1221239999995,6786.242123999999,1.0
471.0,6291.644016999999,6296.764016999999,6781.1221239999995,6786.242123999999,1.0
472.0,6296.764016999999,6301.8840169999985,6781.1221239999995,6786.242123999999,1.0
473.0,6301.8840169999985,6307.004016999998,6781.1221239999995,6786.242123999999,1.0
474.0,6307.004016999998,6312.124016999998,6781.1221239999995,6786.242123999999,1.0
475.0,6312.124016999998,6317.244016999998,6781.1221239999995,6786.242123999999,1.0
476.0,6317.244016999998,6322.364016999998,6781.1221239999995,6786.242123999999,1.0
477.0,6322.364016999998,6327.484016999998,6781.1221239999995,6786.242123999999,1.0
478.0,6327.484016999998,6332.604016999998,6781.1221239999995,6786.242123999999,1.0
479.0,6332.604016999998,6337.724016999998,6781.1221239999995,6786.242123999999,1.0
480.0,6337.724016999998,6342.844016999998,6781.1221239999995,6786.242123999999,1.0
481.0,6240.444017,6245.564017,6786.242123999999,6791.362123999999,1.0
482.0,6245.564017,6250.684017,6786.242123999999,6791.362123999999,1.0
483.0,6250.684017,6255.8040169999995,6786.242123999999,6791.362123999999,1.0
484.0,6255.8040169999995,6260.924016999999,6786.242123999999,6791.362123999999,1.0
485.0,6260.924016999999,6266.044016999999,6786.242123999999,6791.362123999999,1.0
486.0,6266.044016999999,6271.164016999999,6786.242123999999,6791.362123999999,1.0
487.0,6271.164016999999,6276.284016999999,6786.242123999999,6791.362123999999,1.0
488.0,6276.284016999999,6281.404016999999,6786.242123999999,6791.362123999999,1.0
489.0,6281.404016999999,6286.524016999999,6786.242123999999,6791.362123999999,1.0
490.0,6286.524016999999,6291.644016999999,6786.242123999999,6791.362123999999,1.0
491.0,6291.644016999999,6296.764016999999,6786.242123999999,6791.362123999999,1.0
492.0,6296.764016999999,6301.8840169999985,6786.242123999999,6791.362123999999,1.0
493.0,6301.8840169999985,6307.004016999998,6786.242123999999,6791.362123999999,1.0
494.0,6307.004016999998,6312.124016999998,6786.242123999999,6791.362123999999,1.0
495.0,6312.124016999998,6317.244016999998,6786.242123999999,6791.362123999999,1.0
496.0,6317.244016999998,6322.364016999998,6786.242123999999,6791.362123999999,1.0
497.0,6322.364016999998,6327.484016999998,6786.242123999999,6791.362123999999,1.0
498.0,6327.484016999998,6332.604016999998,6786.242123999999,6791.362123999999,1.0
499.0,6332.604016999998,6337.724016999998,6786.242123999999,6791.362123999999,1.0
500.0,6337.724016999998,6342.844016999998,6786.242123999999,6791.362123999999,1.0
501.0,6240.444017,6245.564017,6791.362123999999,6796.482123999999,1.0
502.0,6245.564017,6250.684017,6791.362123999999,6796.482123999999,1.0
503.0,6250.684017,6255.8040169999995,6791.362123999999,6796.482123999999,1.0
504.0,6255.8040169999995,6260.924016999999,6791.362123999999,6796.482123999999,1.0
505.0,6260.924016999999,6266.044016999999,6791.362123999999,6796.482123999999,1.0
506.0,6266.044016999999,6271.164016999999,6791.362123999999,6796.482123999999,1.0
507.0,6271.164016999999,6276.284016999999,6791.362123999999,6796.482123999999,1.0
508.0,6276.284016999999,6281.404016999999,6791.362123999999,6796.482123999999,1.0
509.0,6281.404016999999,6286.524016999999,6791.362123999999,6796.482123999999,1.0
510.0,6286.524016999999,6291.644016999999,6791.362123999999,6796.482123999999,1.0
511.0,6291.644016999999,6296.764016999999,6791.362123999999,6796.482123999999,1.0
512.0,6296.764016999999,6301.8840169999985,6791.362123999999,6796.482123999999,1.0
513.0,6301.8840169999985,6307.004016999998,6791.362123999999,6796.482123999999,1.0
514.0,6307.004016999998,6312.124016999998,6791.362123999999,6796.482123999999,1.0
515.0,6312.124016999998,6317.244016999998,6791.362123999999,6796.482123999999,1.0
516.0,6317.244016999998,6322.364016999998,6791.362123999999,6796.482123999999,1.0
517.0,6322.364016999998,6327.484016999998,6791.362123999999,6796.482123999999,1.0
518.0,6327.484016999998,6332.604016999998,6791.362123999999,6796.482123999999,1.0
519.0,6332.604016999998,6337.724016999998,6791.362123999999,6796.482123999999,1.0
520.0,6337.724016999998,6342.844016999998,6791.362123999999,6796.482123999999,1.0
521.0,6240.444017,6245.564017,6796.482123999999,6801.602123999999,1.0
522.0,6245.564017,6250.684017,6796.482123999999,6801.602123999999,1.0
523.0,6250.684017,6255.8040169999995,6796.482123999999,6801.602123999999,1.0
524.0,6255.8040169999995,6260.924016999999,6796.482123999999,6801.602123999999,1.0
525.0,6260.924016999999,6266.044016999999,6796.482123999999,6801.602123999999,1.0
526.0,6266.044016999999,6271.164016999999,6796.482123999999,6801.602123999999,1.0
527.0,6271.164016999999,6276.284016999999,6796.482123999999,6801.602123999999,1.0
528.0,6276.284016999999,6281.404016999999,6796.482123999999,6801.602123999999,1.0
529.0,6281.404016999999,6286.524016999999,6796.482123999999,6801.602123999999,1.0
530.0,6286.524016999999,6291.644016999999,6796.482123999999,6801.602123999999,1.0
531.0,6291.644016999999,6296.764016999999,6796.482123999999,6801.602123999999,1.0
532.0,6296.764016999999,6301.8840169999985,6796.482123999999,6801.602123999999,1.0
533.0,6301.8840169999985,6307.004016999998,6796.482123999999,6801.602123999999,1.0
534.0,6307.004016999998,6312.124016999998,6796.482123999999,6801.602123999999,1.0
535.0,6312.124016999998,6317.244016999998,6796.482123999999,6801.602123999999,1.0
536.0,6317.244016999998,6322.364016999998,6796.482123999999,6801.602123999999,1.0
537.0,6322.364016999998,6327.484016999998,6796.482123999999,6801.602123999999,1.0
538.0,6327.484016999998,6332.604016999998,6796.482123999999,6801.602123999999,1.0
539.0,6332.604016999998,6337.724016999998,6796.482123999999,6801.602123999999,1.0
540.0,6337.724016999998,6342.844016999998,6796.482123999999,6801.602123999999,1.0
541.0,6240.444017,6245.564017,6801.602123999999,6806.722123999999,1.0
542.0,6245.564017,6250.684017,6801.602123999999,6806.722123999999,1.0
543.0,6250.684017,6255.8040169999995,6801.602123999999,6806.722123999999,1.0
544.0,6255.8040169999995,6260.924016999999,6801.602123999999,6806.722123999999,1.0
545.0,6260.924016999999,6266.044016999999,6801.602123999999,6806.722123999999,1.0
546.0,6266.044016999999,6271.164016999999,6801.602123999999,6806.722123999999,1.0
547.0,6271.164016999999,6276.284016999999,6801.602123999999,6806.722123999999,1.0
548.0,6276.284016999999,6281.404016999999,6801.602123999999,6806.722123999999,1.0
549.0,6281.404016999999,6286.524016999999,6801.602123999999,6806.722123999999,1.0
550.0,6286.524016999999,6291.644016999999,6801.602123999999,6806.722123999999,1.0
551.0,6291.644016999999,6296.764016999999,6801.602123999999,6806.722123999999,1.0
552.0,6296.764016999999,6301.8840169999985,6801.602123999999,6806.722123999999,1.0
553.0,6301.8840169999985,6307.004016999998,6801.602123999999,6806.722123999999,1.0
554.0,6307.004016999998,6312.124016999998,6801.602123999999,6806.722123999999,1.0
555.0,6312.124016999998,6317.244016999998,6801.602123999999,6806.722123999999,1.0
556.0,6317.244016999998,6322.364016999998,6801.602123999999,6806.722123999999,1.0
557.0,6322.364016999998,6327.484016999998,6801.602123999999,6806.722123999999,1.0
558.0,6327.484016999998,6332.604016999998,6801.602123999999,6806.722123999999,1.0
559.0,6332.604016999998,6337.724016999998,6801.602123999999,6806.722123999999,1.0
560.0,6337.724016999998,6342.844016999998,6801.602123999999,6806.722123999999,1.0
561.0,6240.444017,6245.564017,6806.722123999999,6811.842123999999,1.0
562.0,6245.564017,6250.684017,6806.722123999999,6811.842123999999,1.0
563.0,6250.684017,6255.8040169999995,6806.722123999999,6811.842123999999,1.0
564.0,6255.8040169999995,6260.924016999999,6806.722123999999,6811.842123999999,1.0
565.0,6260.924016999999,6266.044016999999,6806.722123999999,6811.842123999999,1.0
566.0,6266.044016999999,6271.164016999999,6806.722123999999,6811.842123999999,1.0
567.0,6271.164016999999,6276.284016999999,6806.722123999999,6811.842123999999,1.0
568.0,6276.284016999999,6281.404016999999,6806.722123999999,6811.842123999999,1.0
569.0,6281.404016999999,6286.524016999999,6806.722123999999,6811.842123999999,1.0
570.0,6286.524016999999,6291.644016999999,6806.722123999999,6811.842123999999,1.0
571.0,6291.644016999999,6296.764016999999,6806.722123999999,6811.842123999999,1.0
572.0,6296.764016999999,6301.8840169999985,6806.722123999999,6811.842123999999,1.0
573.0,6301.8840169999985,6307.004016999998,6806.722123999999,6811.842123999999,1.0
574.0,6307.004016999998,6312.124016999998,6806.722123999999,6811.842123999999,1.0
575.0,6312.124016999998,6317.244016999998,6806.722123999999,6811.842123999999,1.0
576.0,6317.244016999998,6322.364016999998,6806.722123999999,6811.842123999999,1.0
577.0,6322.364016999998,6327.484016999998,6806.722123999999,6811.842123999999,1.0
578.0,6327.484016999998,6332.604016999998,6806.722123999999,6811.842123999999,1.0
579.0,6332.604016999998,6337.724016999998,6806.722123999999,6811.842123999999,1.0
580.0,6337.724016999998,6342.844016999998,6806.722123999999,6811.842123999999,1.0
581.0,6240.444017,6245.564017,6811.842123999999,6816.962123999999,1.0
582.0,6245.564017,6250.684017,6811.842123999999,6816.962123999999,1.0
583.0,6250.684017,6255.8040169999995,6811.842123999999,6816.962123999999,1.0
584.0,6255.8040169999995,6260.924016999999,6811.842123999999,6816.962123999999,1.0
585.0,6260.924016999999,6266.044016999999,6811.842123999999,6816.962123999999,1.0
586.0,6266.044016999999,6271.164016999999,6811.842123999999,6816.962123999999,1.0
587.0,6271.164016999999,6276.284016999999,6811.842123999999,6816.962123999999,1.0
588.0,6276.284016999999,6281.404016999999,6811.842123999999,6816.962123999999,1.0
589.0,6281.404016999999,6286.524016999999,6811.842123999999,6816.962123999999,1.0
590.0,6286.524016999999,6291.644016999999,6811.842123999999,6816.962123999999,1.0
591.0,6291.644016999999,6296.764016999999,6811.842123999999,6816.962123999999,1.0
592.0,6296.764016999999,6301.8840169999985,6811.842123999999,6816.962123999999,1.0
593.0,6301.8840169999985,6307.004016999998,6811.842123999999,6816.962123999999,1.0
594.0,6307.004016999998,6312.124016999998,6811.842123999999,6816.962123999999,1.0
595.0,6312.124016999998,6317.244016999998,6811.842123999999,6816.962123999999,1.0
596.0,6317.244016999998,6322.364016999998,6811.842123999999,6816.962123999999,1.0
597.0,6322.364016999998,6327.484016999998,6811.842123999999,6816.962123999999,1.0
598.0,6327.484016999998,6332.604016999998,6811.842123999999,6816.962123999999,1.0
599.0,6332.604016999998,6337.724016999998,6811.842123999999,6816.962123999999,1.0
600.0,6337.724016999998,6342.844016999998,6811.842123999999,6816.962123999999,1.0
601.0,6240.444017,6245.564017,6816.962123999999,6822.082123999999,1.0
602.0,6245.564017,6250.684017,6816.962123999999,6822.082123999999,1.0
603.0,6250.684017,6255.8040169999995,6816.962123999999,6822.082123999999,1.0
604.0,6255.8040169999995,6260.924016999999,6816.962123999999,6822.082123999999,1.0
605.0,6260.924016999999,6266.044016999999,6816.962123999999,6822.082123999999,1.0
606.0,6266.044016999999,6271.164016999999,6816.962123999999,6822.082123999999,1.0
607.0,6271.164016999999,6276.284016999999,6816.962123999999,6822.082123999999,1.0
608.0,6276.284016999999,6281.404016999999,6816.962123999999,6822.082123999999,1.0
609.0,6281.404016999999,6286.524016999999,6816.962123999999,6822.082123999999,1.0
610.0,6286.524016999999,6291.644016999999,6816.962123999999,6822.082123999999,1.0
611.0,6291.644016999999,6296.764016999999,6816.962123999999,6822.082123999999,1.0
612.0,6296.764016999999,6301.8840169999985,6816.962123999999,6822.082123999999,1.0
613.0,6301.8840169999985,6307.004016999998,6816.962123999999,6822.082123999999,1.0
614.0,6307.004016999998,6312.124016999998,6816.962123999999,6822.082123999999,1.0
615.0,6312.124016999998,6317.244016999998,6816.962123999999,6822.082123999999,1.0
616.0,6317.244016999998,6322.364016999998,6816.962123999999,6822.082123999999,1.0
617.0,6322.364016999998,6327.484016999998,6816.962123999999,6822.082123999999,1.0
618.0,6327.484016999998,6332.604016999998,6816.962123999999,6822.082123999999,1.0
619.0,6332.604016999998,6337.724016999998,6816.962123999999,6822.082123999999,1.0
620.0,6337.724016999998,6342.844016999998,6816.962123999999,6822.082123999999,1.0
621.0,6240.444017,6245.564017,6822.082123999999,6827.202123999999,1.0
622.0,6245.564017,6250.684017,6822.082123999999,6827.202123999999,1.0
623.0,6250.684017,6255.8040169999995,6822.082123999999,6827.202123999999,1.0
624.0,6255.8040169999995,6260.924016999999,6822.082123999999,6827.202123999999,1.0
625.0,6260.924016999999,6266.044016999999,6822.082123999999,6827.202123999999,1.0
626.0,6266.044016999999,6271.164016999999,6822.082123999999,6827.202123999999,1.0
627.0,6271.164016999999,6276.284016999999,6822.082123999999,6827.202123999999,1.0
628.0,6276.284016999999,6281.404016999999,6822.082123999999,6827.202123999999,1.0
629.0,6281.404016999999,6286.524016999999,6822.082123999999,6827.202123999999,1.0
630.0,6286.524016999999,6291.644016999999,6822.082123999999,6827.202123999999,1.0
631.0,6291.644016999999,6296.764016999999,6822.082123999999,6827.202123999999,1.0
632.0,6296.764016999999,6301.8840169999985,6822.082123999999,6827.202123999999,1.0
633.0,6301.8840169999985,6307.004016999998,6822.082123999999,6827.202123999999,1.0
634.0,6307.004016999998,6312.124016999998,6822.082123999999,6827.202123999999,1.0
635.0,6312.124016999998,6317.244016999998,6822.082123999999,6827.202123999999,1.0
636.0,6317.244016999998,6322.364016999998,6822.082123999999,6827.202123999999,1.0
637.0,6322.364016999998,6327.484016999998,6822.082123999999,6827.202123999999,1.0
638.0,6327.484016999998,6332.604016999998,6822.082123999999,6827.202123999999,1.0
639.0,6332.604016999998,6337.724016999998,6822.082123999999,6827.202123999999,1.0
640.0,6337.724016999998,6342.844016999998,6822.082123999999,6827.202123999999,1.0
641.0,6240.444017,6245.564017,6827.202123999999,6832.322123999998,1.0
642.0,6245.564017,6250.684017,6827.202123999999,6832.322123999998,1.0
643.0,6250.684017,6255.8040169999995,6827.202123999999,6832.322123999998,1.0
644.0,6255.8040169999995,6260.924016999999,6827.202123999999,6832.322123999998,1.0
645.0,6260.924016999999,6266.044016999999,6827.202123999999,6832.322123999998,1.0
646.0,6266.044016999999,6271.164016999999,6827.202123999999,6832.322123999998,1.0
647.0,6271.164016999999,6276.284016999999,6827.202123999999,6832.322123999998,1.0
648.0,6276.284016999999,6281.404016999999,6827.202123999999,6832.322123999998,1.0
649.0,6281.404016999999,6286.524016999999,6827.202123999999,6832.322123999998,1.0
650.0,6286.524016999999,6291.644016999999,6827.202123999999,6832.322123999998,1.0
651.0,6291.644016999999,6296.764016999999,6827.202123999999,6832.322123999998,1.0
652.0,6296.764016999999,6301.8840169999985,6827.202123999999,6832.322123999998,1.0
653.0,6301.8840169999985,6307.004016999998,6827.202123999999,6832.322123999998,1.0
654.0,6307.004016999998,6312.124016999998,6827.202123999999,6832.322123999998,1.0
655.0,6312.124016999998,6317.244016999998,6827.202123999999,6832.322123999998,1.0
656.0,6317.244016999998,6322.364016999998,6827.202123999999,6832.322123999998,1.0
657.0,6322.364016999998,6327.484016999998,6827.202123999999,6832.322123999998,1.0
658.0,6327.484016999998,6332.604016999998,6827.202123999999,6832.322123999998,1.0
659.0,6332.604016999998,6337.724016999998,6827.202123999999,6832.322123999998,1.0
660.0,6337.724016999998,6342.844016999998,6827.202123999999,6832.322123999998,1.0
661.0,6240.444017,6245.564017,6832.322123999998,6837.442123999998,1.0
662.0,6245.564017,6250.684017,6832.322123999998,6837.442123999998,1.0
663.0,6250.684017,6255.8040169999995,6832.322123999998,6837.442123999998,1.0
664.0,6255.8040169999995,6260.924016999999,6832.322123999998,6837.442123999998,1.0
665.0,6260.924016999999,6266.044016999999,6832.322123999998,6837.442123999998,1.0
666.0,6266.044016999999,6271.164016999999,6832.322123999998,6837.442123999998,1.0
667.0,6271.164016999999,6276.284016999999,6832.322123999998,6837.442123999998,1.0
668.0,6276.284016999999,6281.404016999999,6832.322123999998,6837.442123999998,1.0
669.0,6281.404016999999,6286.524016999999,6832.322123999998,6837.442123999998,1.0
670.0,6286.524016999999,6291.644016999999,6832.322123999998,6837.442123999998,1.0
671.0,6291.644016999999,6296.764016999999,6832.322123999998,6837.442123999998,1.0
672.0,6296.764016999999,6301.8840169999985,6832.322123999998,6837.442123999998,1.0
673.0,6301.8840169999985,6307.004016999998,6832.322123999998,6837.442123999998,1.0
674.0,6307.004016999998,6312.124016999998,6832.322123999998,6837.442123999998,1.0
675.0,6312.124016999998,6317.244016999998,6832.322123999998,6837.442123999998,1.0
676.0,6317.244016999998,6322.364016999998,6832.322123999998,6837.442123999998,1.0
677.0,6322.364016999998,6327.484016999998,6832.322123999998,6837.442123999998,1.0
678.0,6327.484016999998,6332.604016999998,6832.322123999998,6837.442123999998,1.0
679.0,6332.604016999998,6337.724016999998,6832.322123999998,6837.442123999998,1.0
680.0,6337.724016999998,6342.844016999998,6832.322123999998,6837.442123999998,1.0
681.0,6240.444017,6245.564017,6837.442123999998,6842.562123999998,1.0
682.0,6245.564017,6250.684017,6837.442123999998,6842.562123999998,1.0
683.0,6250.684017,6255.8040169999995,6837.442123999998,6842.562123999998,1.0
684.0,6255.8040169999995,6260.924016999999,6837.442123999998,6842.562123999998,1.0
685.0,6260.924016999999,6266.044016999999,6837.442123999998,6842.562123999998,1.0
686.0,6266.044016999999,6271.164016999999,6837.442123999998,6842.562123999998,1.0
687.0,6271.164016999999,6276.284016999999,6837.442123999998,6842.562123999998,1.0
688.0,6276.284016999999,6281.404016999999,6837.442123999998,6842.562123999998,1.0
689.0,6281.404016999999,6286.524016999999,6837.442123999998,6842.562123999998,1.0
690.0,6286.524016999999,6291.644016999999,6837.442123999998,6842.562123999998,1.0
691.0,6291.644016999999,6296.764016999999,6837.442123999998,6842.562123999998,1.0
692.0,6296.764016999999,6301.8840169999985,6837.442123999998,6842.562123999998,1.0
693.0,6301.8840169999985,6307.004016999998,6837.442123999998,6842.562123999998,1.0
694.0,6307.004016999998,6312.124016999998,6837.442123999998,6842.562123999998,1.0
695.0,6312.124016999998,6317.244016999998,6837.442123999998,6842.562123999998,1.0
696.0,6317.244016999998,6322.364016999998,6837.442123999998,6842.562123999998,1.0
697.0,6322.364016999998,6327.484016999998,6837.442123999998,6842.562123999998,1.0
698.0,6327.484016999998,6332.604016999998,6837.442123999998,6842.562123999998,1.0
699.0,6332.604016999998,6337.724016999998,6837.442123999998,6842.562123999998,1.0
700.0,6337.724016999998,6342.844016999998,6837.442123999998,6842.562123999998,1.0
701.0,6240.444017,6245.564017,6842.562123999998,6847.682123999998,1.0
702.0,6245.564017,6250.684017,6842.562123999998,6847.682123999998,1.0
703.0,6250.684017,6255.8040169999995,6842.562123999998,6847.682123999998,1.0
704.0,6255.8040169999995,6260.924016999999,6842.562123999998,6847.682123999998,1.0
705.0,6260.924016999999,6266.044016999999,6842.562123999998,6847.682123999998,1.0
706.0,6266.044016999999,6271.164016999999,6842.562123999998,6847.682123999998,1.0
707.0,6271.164016999999,6276.284016999999,6842.562123999998,6847.682123999998,1.0
708.0,6276.284016999999,6281.404016999999,6842.562123999998,6847.682123999998,1.0
709.0,6281.404016999999,6286.524016999999,6842.562123999998,6847.682123999998,1.0
710.0,6286.524016999999,6291.644016999999,6842.562123999998,6847.682123999998,1.0
711.0,6291.644016999999,6296.764016999999,6842.562123999998,6847.682123999998,1.0
712.0,6296.764016999999,6301.8840169999985,6842.562123999998,6847.682123999998,1.0
713.0,6301.8840169999985,6307.004016999998,6842.562123999998,6847.682123999998,1.0
714.0,6307.004016999998,6312.124016999998,6842.562123999998,6847.682123999998,1.0
715.0,6312.124016999998,6317.244016999998,6842.562123999998,6847.682123999998,1.0
716.0,6317.244016999998,6322.364016999998,6842.562123999998,6847.682123999998,1.0
717.0,6322.364016999998,6327.484016999998,6842.562123999998,6847.682123999998,1.0
718.0,6327.484016999998,6332.604016999998,6842.562123999998,6847.682123999998,1.0
719.0,6332.604016999998,6337.724016999998,6842.562123999998,6847.682123999998,1.0
720.0,6337.724016999998,6342.844016999998,6842.562123999998,6847.682123999998,1.0
721.0,6240.444017,6245.564017,6847.682123999998,6852.802123999998,1.0
722.0,6245.564017,6250.684017,6847.682123999998,6852.802123999998,1.0
723.0,6250.684017,6255.8040169999995,6847.682123999998,6852.802123999998,1.0
724.0,6255.8040169999995,6260.924016999999,6847.682123999998,6852.802123999998,1.0
725.0,6260.924016999999,6266.044016999999,6847.682123999998,6852.802123999998,1.0
726.0,6266.044016999999,6271.164016999999,6847.682123999998,6852.802123999998,1.0
727.0,6271.164016999999,6276.284016999999,6847.682123999998,6852.802123999998,1.0
728.0,6276.284016999999,6281.404016999999,6847.682123999998,6852.802123999998,1.0
729.0,6281.404016999999,6286.524016999999,6847.682123999998,6852.802123999998,1.0
730.0,6286.524016999999,6291.644016999999,6847.682123999998,6852.802123999998,1.0
731.0,6291.644016999999,6296.764016999999,6847.682123999998,6852.802123999998,1.0
732.0,6296.764016999999,6301.8840169999985,6847.682123999998,6852.802123999998,1.0
733.0,6301.8840169999985,6307.004016999998,6847.682123999998,6852.802123999998,1.0
734.0,6307.004016999998,6312.124016999998,6847.682123999998,6852.802123999998,1.0
735.0,6312.124016999998,6317.244016999998,6847.682123999998,6852.802123999998,1.0
736.0,6317.244016999998,6322.364016999998,6847.682123999998,6852.802123999998,1.0
737.0,6322.364016999998,6327.484016999998,6847.682123999998,6852.802123999998,1.0
738.0,6327.484016999998,6332.604016999998,6847.682123999998,6852.802123999998,1.0
739.0,6332.604016999998,6337.724016999998,6847.682123999998,6852.802123999998,1.0
740.0,6337.724016999998,6342.844016999998,6847.682123999998,6852.802123999998,1.0
741.0,6240.444017,6245.564017,6852.802123999998,6857.922123999998,1.0
742.0,6245.564017,6250.684017,6852.802123999998,6857.922123999998,1.0
743.0,6250.684017,6255.8040169999995,6852.802123999998,6857.922123999998,1.0
744.0,6255.8040169999995,6260.924016999999,6852.802123999998,6857.922123999998,1.0
745.0,6260.924016999999,6266.044016999999,6852.802123999998,6857.922123999998,1.0
746.0,6266.044016999999,6271.164016999999,6852.802123999998,6857.922123999998,1.0
747.0,6271.164016999999,6276.284016999999,6852.802123999998,6857.922123999998,1.0
748.0,6276.284016999999,6281.404016999999,6852.802123999998,6857.922123999998,1.0
749.0,6281.404016999999,6286.524016999999,6852.802123999998,6857.922123999998,1.0
750.0,6286.524016999999,6291.644016999999,6852.802123999998,6857.922123999998,1.0
751.0,6291.644016999999,6296.764016999999,6852.802123999998,6857.922123999998,1.0
752.0,6296.764016999999,6301.8840169999985,6852.802123999998,6857.922123999998,1.0
753.0,6301.8840169999985,6307.004016999998,6852.802123999998,6857.922123999998,1.0
754.0,6307.004016999998,6312.124016999998,6852.802123999998,6857.922123999998,1.0
755.0,6312.124016999998,6317.244016999998,6852.802123999998,6857.922123999998,1.0
756.0,6317.244016999998,6322.364016999998,6852.802123999998,6857.922123999998,1.0
757.0,6322.364016999998,6327.484016999998,6852.802123999998,6857.922123999998,1.0
758.0,6327.484016999998,6332.604016999998,6852.802123999998,6857.922123999998,1.0
759.0,6332.604016999998,6337.724016999998,6852.802123999998,6857.922123999998,1.0
760.0,6337.724016999998,6342.844016999998,6852.802123999998,6857.922123999998,1.0
761.0,6240.444017,6245.564017,6857.922123999998,6863.042123999998,1.0
762.0,6245.564017,6250.684017,6857.922123999998,6863.042123999998,1.0
763.0,6250.684017,6255.8040169999995,6857.922123999998,6863.042123999998,1.0
764.0,6255.8040169999995,6260.924016999999,6857.922123999998,6863.042123999998,1.0
765.0,6260.924016999999,6266.044016999999,6857.922123999998,6863.042123999998,1.0
766.0,6266.044016999999,6271.164016999999,6857.922123999998,6863.042123999998,1.0
767.0,6271.164016999999,6276.284016999999,6857.922123999998,6863.042123999998,1.0
768.0,6276.284016999999,6281.404016999999,6857.922123999998,6863.042123999998,1.0
769.0,6281.404016999999,6286.524016999999,6857.922123999998,6863.042123999998,1.0
770.0,6286.524016999999,6291.644016999999,6857.922123999998,6863.042123999998,1.0
771.0,6291.644016999999,6296.764016999999,6857.922123999998,6863.042123999998,1.0
772.0,6296.764016999999,6301.8840169999985,6857.922123999998,6863.042123999998,1.0
773.0,6301.8840169999985,6307.004016999998,6857.922123999998,6863.042123999998,1.0
774.0,6307.004016999998,6312.124016999998,6857.922123999998,6863.042123999998,1.0
775.0,6312.124016999998,6317.244016999998,6857.922123999998,6863.042123999998,1.0
776.0,6317.244016999998,6322.364016999998,6857.922123999998,6863.042123999998,1.0
777.0,6322.364016999998,6327.484016999998,6857.922123999998,6863.042123999998,1.0
778.0,6327.484016999998,6332.604016999998,6857.922123999998,6863.042123999998,1.0
779.0,6332.604016999998,6337.724016999998,6857.922123999998,6863.042123999998,1.0
780.0,6337.724016999998,6342.844016999998,6857.922123999998,6863.042123999998,1.0
781.0,6240.444017,6245.564017,6863.042123999998,6868.162123999998,1.0
782.0,6245.564017,6250.684017,6863.042123999998,6868.162123999998,1.0
783.0,6250.684017,6255.8040169999995,6863.042123999998,6868.162123999998,1.0
784.0,6255.8040169999995,6260.924016999999,6863.042123999998,6868.162123999998,1.0
785.0,6260.924016999999,6266.044016999999,6863.042123999998,6868.162123999998,1.0
786.0,6266.044016999999,6271.164016999999,6863.042123999998,6868.162123999998,1.0
787.0,6271.164016999999,6276.284016999999,6863.042123999998,6868.162123999998,1.0
788.0,6276.284016999999,6281.404016999999,6863.042123999998,6868.162123999998,1.0
789.0,6281.404016999999,6286.524016999999,6863.042123999998,6868.162123999998,1.0
790.0,6286.524016999999,6291.644016999999,6863.042123999998,6868.162123999998,1.0
791.0,6291.644016999999,6296.764016999999,6863.042123999998,6868.162123999998,1.0
792.0,6296.764016999999,6301.8840169999985,6863.042123999998,6868.162123999998,1.0
793.0,6301.8840169999985,6307.004016999998,6863.042123999998,6868.162123999998,1.0
794.0,6307.004016999998,6312.124016999998,6863.042123999998,6868.162123999998,1.0
795.0,6312.124016999998,6317.244016999998,6863.042123999998,6868.162123999998,1.0
796.0,6317.244016999998,6322.364016999998,6863.042123999998,6868.162123999998,1.0
797.0,6322.364016999998,6327.484016999998,6863.042123999998,6868.162123999998,1.0
798.0,6327.484016999998,6332.604016999998,6863.042123999998,6868.162123999998,1.0
799.0,6332.604016999998,6337.724016999998,6863.042123999998,6868.162123999998,1.0
800.0,6337.724016999998,6342.844016999998,6863.042123999998,6868.162123999998,1.0
